Batteries scraped off: http://www.motocalc.com/data/motor.html,,,
Batteries scraped off: http://www.motocalc.com/data/show.cgi?table=1,,,
This compilation of data is protected by copyright law. It may be freely used for personal, non-commercial purposes only. Use of this compilation for any other purpose is expressly forbidden.,,,
,,,
Name,Capacity(mAh),Voltage(V),Weight(g),C rating,Watt hours,Discharge rating,Type
A123 ANR26650 M1,2300.0,3.3,71,30.0,7590.0,69000.0,LiNP
Cermark CHM1000AR,975.0,1.2,20,0.0,1170.0,0.0,NiMH
E-One Moli IMR26700,3000.0,3.7,100,15.0,11100.0,45000.0,LiPo
E-Tec ET-0250,250.0,3.7,6,0.0,925.0,0.0,LiPo
E-Tec ET-0700,700.0,3.7,16,5.0,2590.0,3500.0,LiPo
E-Tec ET-1200,1200.0,3.7,25,5.0,4440.0,6000.0,LiPo
FlightPower 1200,1200.0,3.7,37,20.0,4440.0,24000.0,LiPo
FlightPower 1500,1500.0,3.7,44,20.0,5550.0,30000.0,LiPo
FlightPower 1800,1800.0,3.7,49,20.0,6660.0,36000.0,LiPo
FlightPower 2100,2100.0,3.7,64,20.0,7770.0,42000.0,LiPo
FlightPower 2500,2500.0,3.7,72,20.0,9250.0,50000.0,LiPo
FlightPower 3300,3300.0,3.7,95,20.0,12210.0,66000.0,LiPo
FlightPower 3700,3700.0,3.7,100,20.0,13690.0,74000.0,LiPo
FlightPower 400,400.0,3.7,19,20.0,1480.0,8000.0,LiPo
FlightPower 800,800.0,3.7,25,20.0,2960.0,16000.0,LiPo
Gold Peak GP3300,3300.0,1.2,63,12.0,3960.0,39600.0,NiMH
Gold Peak GP3700,3700.0,1.2,69,12.0,4440.0,44400.0,NiMH
Gold Peak GP750 2/3AA,750.0,1.2,15,0.0,900.0,0.0,NiMH
Great Planes Electrifly 1250,1250.0,3.7,29,20.0,4625.0,25000.0,LiPo
Great Planes Electrifly 1500,1500.0,3.7,35,20.0,5550.0,30000.0,LiPo
Great Planes Electrifly 2100,2100.0,3.7,52,20.0,7770.0,42000.0,LiPo
Great Planes Electrifly 300,300.0,3.7,8,20.0,1110.0,6000.0,LiPo
Great Planes Electrifly 3200,3200.0,3.7,78,20.0,11840.0,64000.0,LiPo
Great Planes Electrifly 5000 (est),5000.0,3.7,122,20.0,18500.0,100000.0,LiPo
Great Planes Electrifly 640,640.0,3.7,18,20.0,2368.0,12800.0,LiPo
Great Planes Electrifly 910,910.0,3.7,25,20.0,3367.0,18200.0,LiPo
Hacker TopFuel EcoX 1300mAh,1300.0,3.7,30,25.0,4810.0,32500.0,LiPo
Hacker TopFuel EcoX 1800mAh,1800.0,3.7,39,25.0,6660.0,45000.0,LiPo
Hacker TopFuel EcoX 2400mAh,2400.0,3.7,52,20.0,8880.0,48000.0,LiPo
Hacker TopFuel EcoX 3000mAh,3000.0,3.7,69,20.0,11100.0,60000.0,LiPo
Hacker TopFuel EcoX 350mAh,350.0,3.7,9,25.0,1295.0,8750.0,LiPo
Hacker TopFuel EcoX 3800mAh,3800.0,3.7,87,20.0,14060.0,76000.0,LiPo
Hacker TopFuel EcoX 4500mAh,4500.0,3.7,99,20.0,16650.0,90000.0,LiPo
Hacker TopFuel EcoX 5000mAh,5000.0,3.7,107,20.0,18500.0,100000.0,LiPo
Hacker TopFuel EcoX 5800mAh,5800.0,3.7,135,20.0,21460.0,116000.0,LiPo
Hacker TopFuel EcoX 900mAh,900.0,3.7,22,25.0,3330.0,22500.0,LiPo
Hacker TopFuel Light 1250mAh,1250.0,3.7,31,30.0,4625.0,37500.0,LiPo
Hacker TopFuel Light 1800mAh,1800.0,3.7,45,30.0,6660.0,54000.0,LiPo
Hacker TopFuel Light 2100mAh,2100.0,3.7,50,30.0,7770.0,63000.0,LiPo
Hacker TopFuel Light 2700mAh,2700.0,3.7,64,30.0,9990.0,81000.0,LiPo
Hacker TopFuel Light 3400mAh,3400.0,3.7,80,30.0,12580.0,102000.0,LiPo
Hacker TopFuel Light 4000mAh,4000.0,3.7,95,30.0,14800.0,120000.0,LiPo
Hacker TopFuel Light 4500mAh,4500.0,3.7,112,30.0,16650.0,135000.0,LiPo
Hacker TopFuel Light 450mAh,450.0,3.7,12,30.0,1665.0,13500.0,LiPo
Hacker TopFuel Light 5000mAh,5000.0,3.7,120,30.0,18500.0,150000.0,LiPo
Hacker TopFuel Light 800mAh,800.0,3.7,21,30.0,2960.0,24000.0,LiPo
Hacker TopFuel Power 1580mAh,1580.0,3.7,21,40.0,5846.0,63200.0,LiPo
Hacker TopFuel Power 2200mAh,2200.0,3.7,55,40.0,8140.0,88000.0,LiPo
Hacker TopFuel Power 2500mAh,2500.0,3.7,65,40.0,9250.0,100000.0,LiPo
Hacker TopFuel Power 350mAh,350.0,3.7,10,40.0,1295.0,14000.0,LiPo
Hacker TopFuel Power 3900mAh,3900.0,3.7,95,40.0,14430.0,156000.0,LiPo
Hacker TopFuel Power 5000mAh,5000.0,3.7,112,40.0,18500.0,200000.0,LiPo
Hacker TopFuel Power 800mAh,800.0,3.7,21,40.0,2960.0,32000.0,LiPo
Hecell HE-23AF-1050,1050.0,1.2,21,0.0,1260.0,0.0,NiMH
Hyperion HP-LCL0350,350.0,3.7,12,26.0,1295.0,9100.0,LiPo
Hyperion HP-LCL0950,950.0,3.7,28,25.0,3515.0,23750.0,LiPo
Hyperion HP-LCL2100,2100.0,3.7,41,16.0,7770.0,33600.0,LiPo
Hyperion HP-LCL4000,4000.0,3.7,104,20.0,14800.0,80000.0,LiPo
Hyperion HP-LCL4200,4200.0,3.7,91,16.0,15540.0,67200.0,LiPo
Hyperion HP-LCL4800,4800.0,3.7,123,20.0,17760.0,96000.0,LiPo
Hyperion HP-LVX0300,300.0,3.7,10,20.0,1110.0,6000.0,LiPo
Hyperion HP-LVX0400,300.0,3.7,14,20.0,1110.0,6000.0,LiPo
Hyperion HP-LVX0800,800.0,3.7,16,20.0,2960.0,16000.0,LiPo
Hyperion HP-LVX1200,1200.0,3.7,33,20.0,4440.0,24000.0,LiPo
Hyperion HP-LVX1500,1500.0,3.7,38,20.0,5550.0,30000.0,LiPo
Hyperion HP-LVX1800,1800.0,3.7,43,20.0,6660.0,36000.0,LiPo
Hyperion HP-LVX2000,2000.0,3.7,47,20.0,7400.0,40000.0,LiPo
Hyperion HP-LVX2100,2100.0,3.7,54,20.0,7770.0,42000.0,LiPo
Hyperion HP-LVX2200,2200.0,3.7,57,20.0,8140.0,44000.0,LiPo
Hyperion HP-LVX2500,2500.0,3.7,62,20.0,9250.0,50000.0,LiPo
Hyperion HP-LVX3300,3300.0,3.7,82,20.0,12210.0,66000.0,LiPo
Hyperion HP-LVX3700,3700.0,3.7,90,20.0,13690.0,74000.0,LiPo
Hyperion HP-LVX4350,4350.0,3.7,105,20.0,16095.0,87000.0,LiPo
Hyperion HP-LVX5000,5000.0,3.7,122,20.0,18500.0,100000.0,LiPo
KAN 1050,950.0,1.2,22,0.0,1140.0,0.0,NiMH
KAN 950,850.0,1.2,21,0.0,1020.0,0.0,NiMH
Kokam 1020,1020.0,3.7,21,0.0,3774.0,0.0,LiPo
Kokam 2000SHD,2000.0,3.7,53,15.0,7400.0,30000.0,LiPo
Kokam 2100SHD,2100.0,3.7,68,20.0,7770.0,42000.0,LiPo
Kokam 3200SHD,3200.0,3.7,81,20.0,11840.0,64000.0,LiPo
Kokam 360SHD,360.0,3.7,12,20.0,1332.0,7200.0,LiPo
Kokam 630,630.0,3.7,17,0.0,2331.0,0.0,LiPo
Kokam 640SHD,640.0,3.7,18,15.0,2368.0,9600.0,LiPo
Kokam 730SHD,730.0,3.7,21,20.0,2701.0,14600.0,LiPo
Kokam 910SHD,910.0,3.7,23,15.0,3367.0,13650.0,LiPo
Maxx Products H220AAA NiMH,220.0,1.2,7,0.0,264.0,0.0,NiMH
Maxx Products H500AA NiMH,500.0,1.2,13,0.0,600.0,0.0,NiMH
Panasonic 2000 NiMH,1950.0,1.2,42,0.0,2340.0,0.0,NiMH
Panasonic 3000 NiMH,2900.0,1.2,57,0.0,3480.0,0.0,NiMH
Panasonic 3000 Square NiMH,3300.0,1.2,69,0.0,3960.0,0.0,NiMH
Panasonic 30AAR/FT,300.0,1.2,12,0.0,360.0,0.0,NiCd
Panasonic HHR150AA,1500.0,1.2,27,0.0,1800.0,0.0,NiMH
Panasonic HHR300SCU,3000.0,1.2,55,0.0,3600.0,0.0,NiMH
Polyquest PQ-0300XP,300.0,3.7,11,20.0,1110.0,6000.0,LiPo
Polyquest PQ-0400XP,400.0,3.7,14,20.0,1480.0,8000.0,LiPo
Polyquest PQ-0800XP,800.0,3.7,23,20.0,2960.0,16000.0,LiPo
Polyquest PQ-1200XP,1200.0,3.7,33,20.0,4440.0,24000.0,LiPo
Polyquest PQ-1500XP,1500.0,3.7,38,20.0,5550.0,30000.0,LiPo
Polyquest PQ-1800XP,1800.0,3.7,46,20.0,6660.0,36000.0,LiPo
Polyquest PQ-2100XP,2100.0,3.7,51,20.0,7770.0,42000.0,LiPo
Polyquest PQ-2500XP,2500.0,3.7,61,20.0,9250.0,50000.0,LiPo
Polyquest PQ-3300XP,3300.0,3.7,80,20.0,12210.0,66000.0,LiPo
Polyquest PQ-3700XP,3300.0,3.7,96,20.0,12210.0,66000.0,LiPo
Radio Shack 1420 NiMH,1380.0,1.2,25,0.0,1656.0,0.0,NiMH
SR 1000 Magnum,1000.0,1.2,32,0.0,1200.0,0.0,NiCd
SR 1100 MAX,1100.0,1.2,39,0.0,1320.0,0.0,NiCd
SR 1200 MAX,1200.0,1.2,43,0.0,1440.0,0.0,NiCd
SR 1250 Magnum,1250.0,1.2,37,0.0,1500.0,0.0,NiCd
SR 1500 MAX,1500.0,1.2,52,0.0,1800.0,0.0,NiCd
SR 1800 MAX,1800.0,1.2,53,0.0,2160.0,0.0,NiCd
SR 2000 MAX,2000.0,1.2,53,0.0,2400.0,0.0,NiCd
SR 2500 MAX,2500.0,1.2,71,0.0,3000.0,0.0,NiCd
SR 500 MAX,500.0,1.2,19,0.0,600.0,0.0,NiCd
SR 5000 MAX,5000.0,1.2,151,0.0,6000.0,0.0,NiCd
SR 650 MAX,650.0,1.2,29,0.0,780.0,0.0,NiCd
SR 900 MAX,900.0,1.2,36,0.0,1080.0,0.0,NiCd
Saft 3000 NiMH,2600.0,1.2,59,0.0,3120.0,0.0,NiMH
Sanyo 1000AAU,1000.0,1.2,23,0.0,1200.0,0.0,NiCd
Sanyo 1000AE,1000.0,1.2,31,0.0,1200.0,0.0,NiCd
Sanyo 1000AEL,1000.0,1.2,27,0.0,1200.0,0.0,NiCd
Sanyo 1000SCR,1000.0,1.2,42,0.0,1200.0,0.0,NiCd
Sanyo 1100AAE,1100.0,1.2,34,0.0,1320.0,0.0,NiCd
Sanyo 1100AAU,1100.0,1.2,25,10.0,1320.0,11000.0,NiCd
Sanyo 1100AE,1100.0,1.2,29,0.0,1320.0,0.0,NiCd
Sanyo 1100AEL,1100.0,1.2,29,0.0,1320.0,0.0,NiCd
Sanyo 1100CR,1100.0,1.2,44,0.0,1320.0,0.0,NiCd
Sanyo 1100SCR,1100.0,1.2,44,0.0,1320.0,0.0,NiCd
Sanyo 110AA,110.0,1.2,8,0.0,132.0,0.0,NiCd
Sanyo 1200AAE,1200.0,1.2,31,0.0,1440.0,0.0,NiCd
Sanyo 1200AE,1200.0,1.2,35,0.0,1440.0,0.0,NiCd
Sanyo 1200AUL,1200.0,1.2,29,0.0,1440.0,0.0,NiCd
Sanyo 120TA,120.0,1.2,6,0.0,144.0,0.0,NiCd
Sanyo 1250SCR,1250.0,1.2,43,0.0,1500.0,0.0,NiCd
Sanyo 1300SCR,1300.0,1.2,52,0.0,1560.0,0.0,NiCd
Sanyo 1400AE,1400.0,1.2,31,0.0,1680.0,0.0,NiCd
Sanyo 1400SCR,1400.0,1.2,53,0.0,1680.0,0.0,NiCd
Sanyo 1500AUL,1500.0,1.2,31,0.0,1800.0,0.0,NiCd
Sanyo 150N,150.0,1.2,10,20.0,180.0,3000.0,NiCd
Sanyo 1600AA NiMH,1600.0,1.2,24,7.0,1920.0,11200.0,NiMH
Sanyo 1700AE,1700.0,1.2,42,0.0,2040.0,0.0,NiCd
Sanyo 1700AU,1700.0,1.2,37,0.0,2040.0,0.0,NiCd
Sanyo 1700SCR,1700.0,1.2,54,0.0,2040.0,0.0,NiCd
Sanyo 1700SCRC,1700.0,1.2,55,0.0,2040.0,0.0,NiCd
Sanyo 1800SCE,1800.0,1.2,48,0.0,2160.0,0.0,NiCd
Sanyo 1800SCR,1800.0,1.2,60,0.0,2160.0,0.0,NiCd
Sanyo 1850AA NiMH,1850.0,1.2,31,7.0,2220.0,12950.0,NiMH
Sanyo 1900SCR,1900.0,1.2,56,0.0,2280.0,0.0,NiCd
Sanyo 2000CR,2000.0,1.2,81,0.0,2400.0,0.0,NiCd
Sanyo 2000SCE,2000.0,1.2,59,0.0,2400.0,0.0,NiCd
Sanyo 2000SCR,2000.0,1.2,59,0.0,2400.0,0.0,NiCd
Sanyo 2200 NiMH,2000.0,1.2,40,0.0,2400.0,0.0,NiMH
Sanyo 225AE,225.0,1.2,12,0.0,270.0,0.0,NiCd
Sanyo 2300SCE,2300.0,1.2,59,0.0,2760.0,0.0,NiCd
Sanyo 2400CE,2400.0,1.2,77,0.0,2880.0,0.0,NiCd
Sanyo 2500CR,2500.0,1.2,81,0.0,3000.0,0.0,NiCd
Sanyo 250AAA,250.0,1.2,12,0.0,300.0,0.0,NiCd
Sanyo 270AA,270.0,1.2,14,20.0,324.0,5400.0,NiCd
Sanyo 2800CE,2800.0,1.2,79,0.0,3360.0,0.0,NiCd
Sanyo 2800DR,2800.0,1.2,120,0.0,3360.0,0.0,NiCd
Sanyo 3000CR,3000.0,1.2,84,0.0,3600.0,0.0,NiCd
Sanyo 350AAC,350.0,1.2,17,0.0,420.0,0.0,NiCd
Sanyo 4000DR,4000.0,1.2,161,0.0,4800.0,0.0,NiCd
Sanyo 5000DEL,5000.0,1.2,161,0.0,6000.0,0.0,NiCd
Sanyo 500A,500.0,1.2,23,0.0,600.0,0.0,NiCd
Sanyo 500AR,500.0,1.2,19,0.0,600.0,0.0,NiCd
Sanyo 50AAA,50.0,1.2,4,0.0,60.0,0.0,NiCd
Sanyo 600AA,600.0,1.2,23,0.0,720.0,0.0,NiCd
Sanyo 600AE,600.0,1.2,18,20.0,720.0,12000.0,NiCd
Sanyo 600SCR,600.0,1.2,29,0.0,720.0,0.0,NiCd
Sanyo 650SC,650.0,1.2,29,0.0,780.0,0.0,NiCd
Sanyo 700AAE,700.0,1.2,27,0.0,840.0,0.0,NiCd
Sanyo 700AR,700.0,1.2,29,0.0,840.0,0.0,NiCd
Sanyo 720AAA NiMH,720.0,1.2,13,8.0,864.0,5760.0,NiMH
Sanyo 730AAA NiMH,730.0,1.2,14,8.0,876.0,5840.0,NiMH
Sanyo 800AAE,800.0,1.2,23,0.0,960.0,0.0,NiCd
Sanyo 800AR,800.0,1.2,34,0.0,960.0,0.0,NiCd
Sanyo 900AAU,900.0,1.2,21,0.0,1080.0,0.0,NiCd
Sanyo CP-1300SCR,1100.0,1.2,33,30.0,1320.0,33000.0,NiCd
Sanyo CP-1700SCR,1700.0,1.2,47,35.0,2040.0,59500.0,NiCd
Sanyo CP-2400SCR,2300.0,1.2,59,25.0,2760.0,57500.0,NiCd
Sanyo CP-3600CR,3600.0,1.2,89,0.0,4320.0,0.0,NiCd
Sanyo HR-4/5AUP,1700.0,1.2,35,0.0,2040.0,0.0,NiMH
Sanyo HR-4/5FAUP,1800.0,1.2,40,0.0,2160.0,0.0,NiMH
Sanyo HR-AAAU,720.0,1.2,14,0.0,864.0,0.0,NiMH
Sanyo HR-SC2600,2600.0,1.2,61,0.0,3120.0,0.0,NiMH
Sanyo RC2000,2000.0,1.2,57,0.0,2400.0,0.0,NiCd
Sanyo RC2400,2400.0,1.2,59,0.0,2880.0,0.0,NiCd
Sanyo RC3000 NiMH,2750.0,1.2,59,0.0,3300.0,0.0,NiMH
Sanyo RC3000HV NiMH,3000.0,1.2,59,0.0,3600.0,0.0,NiMH
Sanyo RC3300HV NiMH,3300.0,1.2,57,0.0,3960.0,0.0,NiMH
Tanic 1050,1050.0,3.7,23,0.0,3885.0,0.0,LiPo
Tanic 1550,1550.0,3.7,34,0.0,5735.0,0.0,LiPo
Tanic 2150,2150.0,3.7,44,0.0,7955.0,0.0,LiPo
Tanic 2200,2200.0,3.7,48,0.0,8140.0,0.0,LiPo
Tanic 2220,2220.0,3.7,44,0.0,8214.0,0.0,LiPo
Tanic 2450,2450.0,3.7,49,0.0,9065.0,0.0,LiPo
Tanic 2500,2500.0,3.7,53,0.0,9250.0,0.0,LiPo
Tanic 520,520.0,3.7,12,0.0,1924.0,0.0,LiPo
Tanic 830,830.0,3.7,19,0.0,3071.0,0.0,LiPo
Thunder Power TP1250 (G4 ProPower 45C),1250.0,3.7,38,45.0,4625.0,56250.0,LiPo
Thunder Power TP1320 (ProLite),1320.0,3.7,28,13.0,4884.0,17160.0,LiPo
Thunder Power TP1350 (G4 ProLite 20C),1350.0,3.7,33,20.0,4995.0,27000.0,LiPo
Thunder Power TP1350 (G4 ProPower 30C),1350.0,3.7,40,30.0,4995.0,40500.0,LiPo
Thunder Power TP1750 (G4 ProPower 45C),1750.0,3.7,52,45.0,6475.0,78750.0,LiPo
Thunder Power TP1800 (G4 ProPower 30C),1800.0,3.7,52,30.0,6660.0,54000.0,LiPo
Thunder Power TP1900 (G2),1900.0,3.7,44,10.0,7030.0,19000.0,LiPo
Thunder Power TP1950,1950.0,3.7,36,5.0,7215.0,9750.0,LiPo
Thunder Power TP2050,2050.0,3.7,38,5.0,7585.0,10250.0,LiPo
Thunder Power TP2100,2100.0,3.7,42,5.0,7770.0,10500.0,LiPo
Thunder Power TP2100 (G4 ProLite 20C),2100.0,3.7,50,20.0,7770.0,42000.0,LiPo
Thunder Power TP2100 (ProLite),2100.0,3.7,48,15.0,7770.0,31500.0,LiPo
Thunder Power TP2250 (G4 ProPower 30C),2250.0,3.7,62,30.0,8325.0,67500.0,LiPo
Thunder Power TP2250 (G4 ProPower 45C),2250.0,3.7,67,45.0,8325.0,101250.0,LiPo
Thunder Power TP250 (G4 ProLite 20C),250.0,3.7,9,20.0,925.0,5000.0,LiPo
Thunder Power TP2600 (G4 ProLite 20C),2600.0,3.7,61,20.0,9620.0,52000.0,LiPo
Thunder Power TP2650 (G4 ProPower 45C),2650.0,3.7,80,45.0,9805.0,119250.0,LiPo
Thunder Power TP2700 (G4 ProPower 30C),2700.0,3.7,72,30.0,9990.0,81000.0,LiPo
Thunder Power TP2700 (G4 SportRace 25C),2700.0,3.7,84,25.0,9990.0,67500.0,LiPo
Thunder Power TP320 (G4 ProPower 30C),320.0,3.7,11,30.0,1184.0,9600.0,LiPo
Thunder Power TP3200 (G4 ProRace 40C),3200.0,3.7,105,40.0,11840.0,128000.0,LiPo
Thunder Power TP325 (G4 ProPower 45C),325.0,3.7,11,45.0,1202.5,14625.0,LiPo
Thunder Power TP3250 (G4 ProPower 45C),3250.0,3.7,95,45.0,12025.0,146250.0,LiPo
Thunder Power TP3300 (G4 ProLite 20C),3300.0,3.7,84,20.0,12210.0,66000.0,LiPo
Thunder Power TP3300 (G4 ProPower 30C),3300.0,3.7,95,30.0,12210.0,99000.0,LiPo
Thunder Power TP3300 (G4 SportRace 25C),3300.0,3.7,103,25.0,12210.0,82500.0,LiPo
Thunder Power TP350 (G4 ProLite 20C),350.0,3.7,12,20.0,1295.0,7000.0,LiPo
Thunder Power TP3800 (G4 ProPower 45C),3800.0,3.7,112,45.0,14060.0,171000.0,LiPo
Thunder Power TP3850 (G4 ProPower 30C),3850.0,3.7,109,30.0,14245.0,115500.0,LiPo
Thunder Power TP3900 (G4 ProLite 20C),3900.0,3.7,95,20.0,14430.0,78000.0,LiPo
Thunder Power TP4200 (G4 ProRace 40C),4200.0,3.7,122,40.0,15540.0,168000.0,LiPo
Thunder Power TP4300 (G4 SportRace 25C),4300.0,3.7,117,25.0,15910.0,107500.0,LiPo
Thunder Power TP4350 (G4 ProLite 20C),4350.0,3.7,103,20.0,16095.0,87000.0,LiPo
Thunder Power TP4400 (G4 ProPower 30C),4400.0,3.7,127,30.0,16280.0,132000.0,LiPo
Thunder Power TP4400 (G4 ProPower 45C),4400.0,3.7,128,45.0,16280.0,198000.0,LiPo
Thunder Power TP480 (G4 ProLite 20C),480.0,3.7,15,20.0,1776.0,9600.0,LiPo
Thunder Power TP5000 (G4 ProLite 20C),5000.0,3.7,124,20.0,18500.0,100000.0,LiPo
Thunder Power TP5000 (G4 ProPower 30C),5000.0,3.7,140,30.0,18500.0,150000.0,LiPo
Thunder Power TP5000 (G4 ProPower 45C),5000.0,3.7,149,45.0,18500.0,225000.0,LiPo
Thunder Power TP5000 (G4 ProRace 40C),5000.0,3.7,151,40.0,18500.0,200000.0,LiPo
Thunder Power TP5200 (G4 ProRace 50C),5200.0,3.7,155,50.0,19240.0,260000.0,LiPo
Thunder Power TP5400 (G4 ProRace 40C),5400.0,3.7,164,40.0,19980.0,216000.0,LiPo
Thunder Power TP5400 (G4 SportRace 25C),5400.0,3.7,139,25.0,19980.0,135000.0,LiPo
Thunder Power TP6600 (G4 SportRace 25C),6600.0,3.7,171,25.0,24420.0,165000.0,LiPo
Thunder Power TP730 (G4 ProLite 20C),730.0,3.7,20,20.0,2701.0,14600.0,LiPo
Thunder Power TP8000 (G4 SportRace 22C),8000.0,3.7,188,22.0,29600.0,176000.0,LiPo
Thunder Power TP850 (G4 ProPower 30C),850.0,3.7,25,30.0,3145.0,25500.0,LiPo
Thunder Power TP850 (G4 ProPower 45C),850.0,3.7,25,45.0,3145.0,38250.0,LiPo
Thunder Power TP900 (G2),900.0,3.7,19,12.0,3330.0,10800.0,LiPo
Thunder Power TP910 (G4 ProLite 20C),910.0,3.7,25,20.0,3367.0,18200.0,LiPo
"Twenty"1200 mAh,1200.0,3.7,35,20.0,4440.0,24000.0,LiPo
5pcs 3.7V 750mAh Rechargeable Lipo Batt,730.0,3.7,21,20.0,2701.0,14600.0,LiPo
A123 ANR26650 M1,2300.0,3.3,71,30.0,7590.0,69000.0,LiNP
A123 ANR26650 M1,2300.0,3.3,71,30.0,7590.0,69000.0,LiNP
A123 ANR26650 M1,2300.0,3.3,71,30.0,7590.0,69000.0,LiNP
A123 ANR26650 M1,2300.0,3.3,71,30.0,7590.0,69000.0,LiNP
A123 APR18650M1,1100.0,3.3,40,15.0,3630.0,16500.0,LiNP
Apogee 2-Cell 1500mAh w/Voltage Port 20C,1500.0,3.7,40,20.0,5550.0,30000.0,LiPo
APOGEE 2480 10.5C,2480.0,3.7,106,10.5,9176.0,26040.0,LiPo
Apogee 830 mAh,830.0,3.7,22,10.0,3071.0,8300.0,LiPo
Area 51 3000 6s2p LiPo,3000.0,3.7,81,12.0,11100.0,36000.0,LiPo
Art-Techt,1800.0,3.7,45,15.0,6660.0,27000.0,LiPo
BrutePower,2400.0,3.7,216,30.0,8880.0,72000.0,LiPo
BrutePower 3S 30C 2400,2400.0,3.7,216,30.0,8880.0,72000.0,LiPo
Common Sence 2000,2000.0,3.7,52,10.0,7400.0,20000.0,LiPo
Common Sense 1250 13x34x65,1250.0,3.7,31,10.0,4625.0,12500.0,LiPo
CS 2100 15C,2100.0,3.7,52,15.0,7770.0,31500.0,LiPo
Dewalt A123,2300.0,3.3,70,30.0,7590.0,69000.0,LiNP
Dualsky 1350 8C,1350.0,3.7,36,8.0,4995.0,10800.0,LiPo
Dualsky 1800 8C,1800.0,3.7,51,8.0,6660.0,14400.0,LiPo
Dualsky xp1003ex,1000.0,3.7,92,30.0,3700.0,30000.0,LiPo
Dualsky XP1200 3s1p,1200.0,3.7,112,20.0,4440.0,24000.0,LiPo
Dualsky XP1700 3s1p,1700.0,3.7,40,12.0,6290.0,20400.0,LiPo
Dualsky XP2250 3s1p,2250.0,3.7,50,12.0,8325.0,27000.0,LiPo
Duralite E-Plus Silver,2500.0,3.7,53,10.5,9250.0,26250.0,LiPo
Dymond XC-2250 3S,2250.0,3.7,64,22.0,8325.0,49500.0,LiPo
Dynan,2200.0,3.7,131,15.0,8140.0,33000.0,LiPo
E-One Moli IMR26700,3000.0,3.7,100,15.0,11100.0,45000.0,LiPo
E-Power 1700,1700.0,3.7,47,20.0,6290.0,34000.0,LiPo
EC Power,5000.0,3.7,68,15.0,18500.0,75000.0,LiPo
Electrolyte 2100,2100.0,3.7,74,20.0,7770.0,42000.0,LiPo
Eletrolite4800,4800.0,3.7,151,22.0,17760.0,105600.0,LiPo
Elite 4500 SC,4500.0,1.2,70,12.0,5400.0,54000.0,NiMH
Enerland,2500.0,3.7,179,12.0,9250.0,30000.0,LiPo
Enerland Polyquest PQ-3700XP,3700.0,3.7,94,25.0,13690.0,92500.0,LiPo
EON LITE F3A Competition 5400,5400.0,3.7,1183,20.0,19980.0,108000.0,LiPo
Etec AP1250mah,1250.0,3.7,37,26.0,4625.0,32500.0,LiPo
EVO-LITE F3A Competition 5350,5350.0,3.7,1163,17.0,19795.0,90950.0,LiPo
EVO-LITE V2 4270,4270.0,3.7,1042,20.0,15799.0,85400.0,LiPo
Flaston 3000,3000.0,1.2,61,10.0,3600.0,30000.0,NiMH
Flight max 2200 3S,2200.0,3.7,56,20.0,8140.0,44000.0,LiPo
Flight Power 3700,3700.0,3.7,81,25.0,13690.0,92500.0,LiPo
Flight Power EVO20-5000 (10s1p),5000.0,3.7,1339,20.0,18500.0,100000.0,LiPo
Flight Power EVO20-5000 (12s1p),5000.0,3.7,1602,20.0,18500.0,100000.0,LiPo
Flight Power EVO20-5000 (3s1p),5000.0,3.7,407,20.0,18500.0,100000.0,LiPo
Flight Power EVO20-5000 (3s2p),5000.0,3.7,428,20.0,18500.0,100000.0,LiPo
Flight Power EVO20-5000 (4s1p),5000.0,3.7,524,20.0,18500.0,100000.0,LiPo
Flight Power EVO20-5000 (4s2p),5000.0,3.7,512,20.0,18500.0,100000.0,LiPo
Flight Power EVO20-5000 (4s2p),5000.0,3.7,512,20.0,18500.0,100000.0,LiPo
Flight Power EVO20-5000 (5s1p),5000.0,3.7,657,20.0,18500.0,100000.0,LiPo
Flight Power EVO20-5000 (5s2p),5000.0,3.7,672,20.0,18500.0,100000.0,LiPo
Flight Power EVO20-5000 (6s1p),5000.0,3.7,796,20.0,18500.0,100000.0,LiPo
Flight Power EVO20-5000 (6s2p),5000.0,3.7,791,20.0,18500.0,100000.0,LiPo
Flight Power EVO20-6600 (4s2p),6600.0,3.7,676,20.0,24420.0,132000.0,LiPo
Flight Power EVO20-6600 (5s2p),6600.0,3.7,861,20.0,24420.0,132000.0,LiPo
Flight Power EVO20-6600 (6s2p),6600.0,3.7,1015,20.0,24420.0,132000.0,LiPo
Flight Power EVO20-7400 (4s2p),7400.0,3.7,739,20.0,27380.0,148000.0,LiPo
Flight Power EVO20-7400 (5s2p),7400.0,3.7,943,20.0,27380.0,148000.0,LiPo
Flight Power EVO20-7400 (6s2p),7400.0,3.7,1119,20.0,27380.0,148000.0,LiPo
Flight Power EVO25-5000 (3s1p),5000.0,3.7,404,25.0,18500.0,125000.0,LiPo
FlightMax 2200 25C,2200.0,3.7,60,25.0,8140.0,55000.0,LiPo
Flightpower 0400mAh 2S1P,400.0,3.7,32,20.0,1480.0,8000.0,LiPo
FlightPower 11.1v 3700 EVO25 3S Balance,3700.0,3.7,100,25.0,13690.0,92500.0,LiPo
FlightPower 1500,1500.0,3.7,44,20.0,5550.0,30000.0,LiPo
FlightPower 2100,2100.0,3.7,64,20.0,7770.0,42000.0,LiPo
FlightPower 2100,2100.0,3.7,64,20.0,7770.0,42000.0,LiPo
FlightPower 2170,2170.0,3.7,64,25.0,8029.0,54250.0,LiPo
FlightPower 2500,2500.0,3.7,72,20.0,9250.0,50000.0,LiPo
FlightPower 2500,2500.0,3.7,72,20.0,9250.0,50000.0,LiPo
Flightpower 2500 20C,2100.0,3.7,81,20.0,7770.0,42000.0,LiPo
Flightpower 2500 Lite,2500.0,3.7,62,18.0,9250.0,45000.0,LiPo
FlightPower 3300,3300.0,3.3,95,20.0,10890.0,66000.0,LiNP
FlightPower 3300,3300.0,3.7,95,20.0,12210.0,66000.0,LiPo
Flightpower 3300 20C,3300.0,3.7,91,20.0,12210.0,66000.0,LiPo
FlightPower 3700,3700.0,3.7,100,20.0,13690.0,74000.0,LiPo
FlightPower 3700,3700.0,3.7,100,20.0,13690.0,74000.0,LiPo
Flightpower 3700 20C,3700.0,3.7,98,20.0,13690.0,74000.0,LiPo
Flightpower 3700 20C,3700.0,3.7,98,20.0,13690.0,74000.0,LiPo
FlightPower 4S1P 2170,2170.0,3.7,55,25.0,8029.0,54250.0,LiPo
FlightPower 5000,5000.0,3.7,142,20.0,18500.0,100000.0,LiPo
Flightpower 5350,5350.0,3.7,122,17.0,19795.0,90950.0,LiPo
Flightpower 5350 25.9V,5350.0,3.7,122,17.0,19795.0,90950.0,LiPo
FlightPower 800 Cell,800.0,3.7,25,20.0,2960.0,16000.0,LiPo
FlightPower EVO 3200,3200.0,3.7,88,30.0,11840.0,96000.0,LiPo
FlightPowerEvoLite4270 11.1v LiPo_Bal,4270.0,3.7,122,20.0,15799.0,85400.0,LiPo
FOXTECH 16000MAH LION,3200.0,3.7,111,33.0,11840.0,105600.0,LiPo
FPVFLying 10000mAh 11.1V LiPo Ba,10000.0,3.7,117,25.0,37000.0,250000.0,LiPo
Fullymax,2250.0,3.7,114,16.0,8325.0,36000.0,LiPo
FullyMax 1350,1350.0,3.7,31,20.0,4995.0,27000.0,LiPo
Gen's Ace 2200 mAh 30C,2200.0,3.7,60,30.0,8140.0,66000.0,LiPo
GENS ACE 3700mAh 35C 6S 22.2V,3700.0,3.7,101,35.0,13690.0,129500.0,LiPo
GENS ACE 5300mAh 30C 6S 22.2V,5300.0,3.7,134,30.0,19610.0,159000.0,LiPo
Gold Peak GP2000,2000.0,1.2,35,25.0,2400.0,50000.0,NiMH
Gold Peak GP2200,2200.0,1.2,44,20.0,2640.0,44000.0,NiMH
Gold Peak GP3300,3300.0,1.2,63,12.0,3960.0,39600.0,NiMH
Gold Peak GP3300,3300.0,1.2,63,12.0,3960.0,39600.0,NiMH
Gold Peak GP4300,4100.0,1.2,69,12.0,4920.0,49200.0,NiMH
GoldBat 5200,5200.0,3.7,123,40.0,19240.0,208000.0,LiPo
GP 2200,2200.0,1.2,48,35.0,2640.0,77000.0,NiMH
Great Planes Electrifly 1250,1250.0,3.7,29,20.0,4625.0,25000.0,LiPo
Great Planes Electrifly 2100,2100.0,3.7,52,20.0,7770.0,42000.0,LiPo
Great Planes Electrifly 5000 (est),5000.0,3.7,122,20.0,18500.0,100000.0,LiPo
Great Planes Electrifly 640,640.0,3.7,19,20.0,2368.0,12800.0,LiPo
Hacker TopFuel Power 2200mAh,2200.0,3.7,55,40.0,8140.0,88000.0,LiPo
Himodel 1700mAh/11.1V,1700.0,3.7,50,20.0,6290.0,34000.0,LiPo
Hot-Lips 3S1P1700G,1700.0,3.7,50,25.0,6290.0,42500.0,LiPo
HP 3S1P 3200 30C,3200.0,3.7,81,30.0,11840.0,96000.0,LiPo
HURC 2600 4s1p,2600.0,3.7,72,25.0,9620.0,65000.0,LiPo
HURC 3200 4s1p,3200.0,3.7,94,25.0,11840.0,80000.0,LiPo
HURC 4000 4s1p,4000.0,3.7,107,30.0,14800.0,120000.0,LiPo
HURC 4500  3s1p,4500.0,3.7,125,20.0,16650.0,90000.0,LiPo
HURC 4500 3s1p,4500.0,3.7,125,20.0,16650.0,90000.0,LiPo
Hyperion 1800 20C/30C,1800.0,3.7,46,20.0,6660.0,36000.0,LiPo
Hyperion 20C,3300.0,3.7,86,20.0,12210.0,66000.0,LiPo
Hyperion G3 CX1300,1300.0,3.7,35,25.0,4810.0,32500.0,LiPo
Hyperion G5 1300,1300.0,3.7,32,30.0,4810.0,39000.0,LiPo
Hyperion G6 HV,4400.0,3.7,120,30.0,16280.0,132000.0,LiPo
Hyperion G6-5200,5200.0,3.7,117,60.0,19240.0,312000.0,LiPo
Hyperion HG-LG325-3300,3300.0,3.7,96,25.0,12210.0,82500.0,LiPo
Hyperion HP-LG335-4200,4200.0,3.7,111,35.0,15540.0,147000.0,LiPo
Hyperion HP-LVX1500,1500.0,3.7,38,25.0,5550.0,37500.0,LiPo
Hyperion HP-LVX1800,1800.0,3.7,43,20.0,6660.0,36000.0,LiPo
Hyperion HP-LVX2500,2500.0,3.7,62,20.0,9250.0,50000.0,LiPo
Hyperion HP-LVX2500,2500.0,3.7,62,20.0,9250.0,50000.0,LiPo
Hyperion HP-LVX3700,3700.0,3.7,90,20.0,13690.0,74000.0,LiPo
Hyperion HP-LVX3700,3700.0,3.7,90,20.0,13690.0,74000.0,LiPo
Impulse Power 2100,2100.0,3.7,20,16.0,7770.0,33600.0,LiPo
J.tronik Li-POWER 3300 mA,3300.0,3.7,88,20.0,12210.0,66000.0,LiPo
J.tronik- Li-POWER 3300,3300.0,3.7,88,20.0,12210.0,66000.0,LiPo
JETI 2S1P,1100.0,3.7,84,10.0,4070.0,11000.0,LiPo
KAN 700,700.0,1.2,13,10.0,840.0,7000.0,NiMH
Kokam  360SHD (20C),360.0,3.7,12,20.0,1332.0,7200.0,LiPo
Kokam  640SHD (15C),640.0,3.7,18,15.0,2368.0,9600.0,LiPo
Kokam  730SHD (20C),730.0,3.7,21,20.0,2701.0,14600.0,LiPo
Kokam  910SHD (15C),910.0,3.7,23,15.0,3367.0,13650.0,LiPo
Kokam 100000 5C/10C (80460330),100000.0,3.7,2754,5.0,370000.0,500000.0,LiPo
Kokam 11000 5C/10C (55202130),11000.0,3.7,315,5.0,40700.0,55000.0,LiPo
Kokam 1200 2C (SLB573852H),1200.0,3.7,24,2.0,4440.0,2400.0,LiPo
Kokam 1250 15C 3S,1250.0,3.7,39,15.0,4625.0,18750.0,LiPo
Kokam 1250 15C/30C  (SLPB554374H),1250.0,3.7,33,15.0,4625.0,18750.0,LiPo
Kokam 1250 20C,1250.0,3.7,36,20.0,4625.0,25000.0,LiPo
Kokam 145 8C/16C (452128),145.0,3.7,4,8.0,536.5,1160.0,LiPo
Kokam 1500 10C (SLB603870H),1500.0,3.7,33,10.0,5550.0,15000.0,LiPo
Kokam 1500 8C/16C (603870H),1500.0,3.7,33,8.0,5550.0,12000.0,LiPo
Kokam 1500SHD,1500.0,3.7,40,10.0,5550.0,15000.0,LiPo
Kokam 1800 30C,1800.0,3.7,68,30.0,6660.0,54000.0,LiPo
Kokam 2000 10C (SLPB396495H),2000.0,3.7,46,10.0,7400.0,20000.0,LiPo
Kokam 2000 15C/30C (SLPB834374H),2000.0,3.7,51,15.0,7400.0,30000.0,LiPo
Kokam 2000SHD (15C),2000.0,3.7,53,15.0,7400.0,30000.0,LiPo
Kokam 2100 20C/40C (SLPB486495P),2100.0,3.7,69,20.0,7770.0,42000.0,LiPo
Kokam 2100SHD,2100.0,3.7,68,20.0,7770.0,42000.0,LiPo
Kokam 2100SHD,2200.0,3.7,68,20.0,8140.0,44000.0,LiPo
Kokam 2100SHD,2100.0,3.7,68,20.0,7770.0,42000.0,LiPo
Kokam 2100SHD,2100.0,3.7,68,20.0,7770.0,42000.0,LiPo
Kokam 2100SHD,2100.0,3.7,68,20.0,7770.0,42000.0,LiPo
Kokam 2100SHD,2100.0,3.7,68,20.0,7770.0,42000.0,LiPo
Kokam 2100SHD,2100.0,3.7,68,20.0,7770.0,42000.0,LiPo
Kokam 2100SHD (20C),2100.0,3.7,68,20.0,7770.0,42000.0,LiPo
Kokam 2250,2250.0,3.7,81,20.0,8325.0,45000.0,LiPo
Kokam 2400H5,2400.0,3.7,69,30.0,8880.0,72000.0,LiPo
Kokam 31000 5C/10C (78216216),31000.0,3.7,859,5.0,114700.0,155000.0,LiPo
Kokam 3200 20C/40C (SLPB7543125H),2100.0,3.7,83,20.0,7770.0,42000.0,LiPo
Kokam 3200 3s1p,3200.0,3.7,292,20.0,11840.0,64000.0,LiPo
Kokam 3200SHD,3200.0,3.7,81,20.0,11840.0,64000.0,LiPo
Kokam 3200SHD,3200.0,3.7,81,20.0,11840.0,64000.0,LiPo
Kokam 3200SHD,3200.0,3.7,81,20.0,11840.0,64000.0,LiPo
Kokam 3200SHD,3200.0,3.7,81,20.0,11840.0,64000.0,LiPo
Kokam 3200SHD,3200.0,3.7,81,20.0,11840.0,64000.0,LiPo
Kokam 3200SHD,3200.0,3.7,81,15.0,11840.0,48000.0,LiPo
Kokam 3200SHD,3200.0,3.7,81,20.0,11840.0,64000.0,LiPo
Kokam 3200SHD,3200.0,3.7,81,20.0,11840.0,64000.0,LiPo
Kokam 3200SHD,3200.0,3.7,81,20.0,11840.0,64000.0,LiPo
Kokam 3200SHD,3200.0,3.7,81,20.0,11840.0,64000.0,LiPo
Kokam 3200SHD (20C),3200.0,3.7,81,20.0,11840.0,64000.0,LiPo
Kokam 3200SHD 18,3200.0,3.7,81,18.0,11840.0,57600.0,LiPo
Kokam 360SHD,360.0,3.7,12,20.0,1332.0,7200.0,LiPo
Kokam 360SHD,360.0,3.7,12,20.0,1332.0,7200.0,LiPo
Kokam 360SHD,360.0,3.7,12,20.0,1332.0,7200.0,LiPo
Kokam 360SHD,360.0,3.7,12,20.0,1332.0,7200.0,LiPo
Kokam 3s2P 3200 20C,3200.0,3.7,307,20.0,11840.0,64000.0,LiPo
Kokam 730SHD,730.0,3.7,21,20.0,2701.0,14600.0,LiPo
Kokam 730SHD,730.0,3.7,21,20.0,2701.0,14600.0,LiPo
Kokam 730SHD,730.0,3.7,21,20.0,2701.0,14600.0,LiPo
Kokam SLPB834374H,2000.0,3.7,50,15.0,7400.0,30000.0,LiPo
Kong Power,5000.0,3.7,148,25.0,18500.0,125000.0,LiPo
Konion 1100 (Li-Ion-Mangan) - green,1020.0,3.6,42,15.0,3672.0,15300.0,LiPo
Konion 1300 (Li-Ion-Mangan) - white,1300.0,3.6,44,15.0,4680.0,19500.0,LiPo
Konion 1600 (Li-Ion-Mangan) - white,1500.0,3.6,44,15.0,5400.0,22500.0,LiPo
Konion 2500 (Li-Ion-Mangan),2400.0,3.6,90,10.0,8640.0,24000.0,LiPo
Konion 2900 (Li-Ion-Mangan),2800.0,3.6,100,7.0,10080.0,19600.0,LiPo
LG INR18650-MJ1,3500.0,3.635,49,3.0,12722.5,10500.0,LiPo
LIPO  3700mAh 3S1P,3700.0,3.7,303,20.0,13690.0,74000.0,LiPo
LiPo Ro-Power 11.1V/ 3200 mA,3200.0,3.7,88,20.0,11840.0,64000.0,LiPo
Loong Max 1800mAh 2S,1800.0,3.7,103,20.0,6660.0,36000.0,LiPo
Loong Max 3000,3000.0,3.7,86,20.0,11100.0,60000.0,LiPo
LRP VTEC 4200,4200.0,1.2,70,20.0,5040.0,84000.0,NiMH
Magnum/Dymond 2000,2000.0,3.7,52,10.0,7400.0,20000.0,LiPo
Mystery 2400 3C,2400.0,3.7,100,15.0,8880.0,36000.0,LiPo
NCR18650,3400.0,3.7,51,3.0,12580.0,10200.0,LiPo
Neu Energy 3200,3200.0,3.7,83,40.0,11840.0,128000.0,LiPo
Neu Energy 3900,3900.0,3.7,105,40.0,14430.0,156000.0,LiPo
Neu Energy 4300,4300.0,3.7,111,40.0,15910.0,172000.0,LiPo
Neu Energy 4900,4900.0,3.7,122,40.0,18130.0,196000.0,LiPo
NiMH 8 Cell 720 mAh,720.0,1.2,14,8.0,864.0,5760.0,NiMH
OptiPower 2550 3S,2550.0,3.7,75,35.0,9435.0,89250.0,LiPo
OptiPower 2550 3S,2550.0,3.7,75,35.0,9435.0,89250.0,LiPo
OptiPower 3650 3S,3650.0,3.7,99,35.0,13505.0,127750.0,LiPo
OptiPower 3650 3S,3650.0,3.7,99,35.0,13505.0,127750.0,LiPo
OptiPower 430 2S,430.0,3.7,20,20.0,1591.0,8600.0,LiPo
Panasonic 3500 square,3500.0,1.2,73,12.0,4200.0,42000.0,NiMH
Pelikan RAY 2200,2100.0,3.7,31,25.0,7770.0,52500.0,LiPo
Polyquest PQ-2000XQ,2000.0,3.7,61,30.0,7400.0,60000.0,LiPo
Polyquest PQ-2100XP,2100.0,3.7,51,20.0,7770.0,42000.0,LiPo
Polyquest PQ-4600XP,4600.0,3.7,119,20.0,17020.0,92000.0,LiPo
PQ2100XP-2S,2100.0,3.7,57,20.0,7770.0,42000.0,LiPo
PQ2500XP-3S,2500.0,3.7,70,20.0,9250.0,50000.0,LiPo
Rava 1800,1800.0,3.7,46,15.0,6660.0,27000.0,LiPo
Rhino,4000.0,3.7,121,25.0,14800.0,100000.0,LiPo
Rhino,1750.0,3.7,49,20.0,6475.0,35000.0,LiPo
Rhino 1750,1750.0,3.7,49,20.0,6475.0,35000.0,LiPo
Rhino 2150mAh 3S 20C,2150.0,3.7,63,20.0,7955.0,43000.0,LiPo
Rhino 2350mAh 4S1P 25C Lipo,2350.0,3.7,7428,25.0,8695.0,58750.0,LiPo
Rhino 2350mAh 4S1P 25C Lipoly Pack,2350.0,3.7,262,25.0,8695.0,58750.0,LiPo
Rhino 2550 40C,2550.0,3.7,78,40.0,9435.0,102000.0,LiPo
Rhino 3700mAh 3S,3700.0,3.7,110,25.0,13690.0,92500.0,LiPo
Rhino 4000mAh 3S2P,4000.0,3.7,115,25.0,14800.0,100000.0,LiPo
Rhino 750mAh 2S 20C,750.0,3.7,16,20.0,2775.0,15000.0,LiPo
Samsung INR18650-13Q,1250.0,3.7,44,12.0,4625.0,15000.0,LiPo
Samsung INR18650-13Q,1300.0,3.7,46,14.0,4810.0,18200.0,LiPo
Sanyo 600AE,600.0,1.2,18,20.0,720.0,12000.0,NiCd
Sanyo 720AAA NiMH,720.0,1.2,13,8.0,864.0,5760.0,NiMH
Sanyo CP-1700SCR,1700.0,1.2,47,35.0,2040.0,59500.0,NiCd
Sanyo CP-2400SCR,2300.0,1.2,59,25.0,2760.0,57500.0,NiCd
Sanyo HR-3U 2700mA,2500.0,1.2,31,5.0,3000.0,12500.0,NiMH
SLS EP 3300 25C,3400.0,3.7,81,25.0,12580.0,85000.0,LiPo
Spyder 2200 3s,2200.0,3.7,63,25.0,8140.0,55000.0,LiPo
Spyder 2200 4s,2200.0,3.7,63,25.0,8140.0,55000.0,LiPo
Tanic   470,470.0,3.7,13,15.0,1739.0,7050.0,LiPo
Tanic   780,780.0,3.7,21,15.0,2886.0,11700.0,LiPo
Tanic 1050,1050.0,3.7,23,15.0,3885.0,15750.0,LiPo
Tanic 1180,1180.0,3.7,29,15.0,4366.0,17700.0,LiPo
Tanic 1500,1500.0,3.7,36,20.0,5550.0,30000.0,LiPo
Tanic 1500,1500.0,3.7,38,15.0,5550.0,22500.0,LiPo
Tanic 1550,1550.0,3.7,34,12.0,5735.0,18600.0,LiPo
Tanic 1760,1760.0,3.7,41,20.0,6512.0,35200.0,LiPo
Tanic 1760,1760.0,3.7,44,15.0,6512.0,26400.0,LiPo
Tanic 2080,2080.0,3.7,52,20.0,7696.0,41600.0,LiPo
Tanic 2480,2480.0,3.7,65,15.0,9176.0,37200.0,LiPo
Tanic 3650,3650.0,3.7,92,15.0,13505.0,54750.0,LiPo
Tanic 4440,4400.0,3.7,101,15.0,16280.0,66000.0,LiPo
Tanic 4440,4400.0,3.7,15,15.0,16280.0,66000.0,LiPo
Tanic 470,470.0,3.7,15,20.0,1739.0,9400.0,LiPo
Tanic 520,520.0,3.7,12,10.5,1924.0,5460.0,LiPo
Tanic 780,780.0,3.7,19,15.0,2886.0,11700.0,LiPo
Tattu,450.0,3.7,12,75.0,1665.0,33750.0,LiPo
TCL 1550mAh 10C/14C,2100.0,3.7,33,10.0,7770.0,21000.0,LiPo
Thunder Power,4000.0,3.7,134,25.0,14800.0,100000.0,LiPo
Thunder Power  730mAH LIPO,730.0,3.7,49,13.0,2701.0,9490.0,LiPo
Thunder Power 2x4s3p 6000,2000.0,3.7,29,12.0,7400.0,24000.0,LiPo
Thunder Power 4s3p 6000,2000.0,3.7,29,12.0,7400.0,24000.0,LiPo
Thunder Power 5000,5000.0,3.7,114,25.0,18500.0,125000.0,LiPo
Thunder Power 5s4p 8000,2000.0,3.7,39,12.0,7400.0,24000.0,LiPo
Thunder Power eXtreme V2,5000.0,3.7,120,50.0,18500.0,250000.0,LiPo
Thunder Power Power 30C TP2250mAh,2250.0,3.7,60,60.0,8325.0,135000.0,LiPo
Thunder Power TP-730 X 2S,730.0,3.7,16,12.0,2701.0,8760.0,LiPo
Thunder Power TP1320 (ProLite),1320.0,3.7,28,13.0,4884.0,17160.0,LiPo
Thunder Power TP1320 (ProLite),1320.0,3.7,28,13.0,4884.0,17160.0,LiPo
Thunder Power TP1350 (G4 ProPower 30C),1350.0,3.7,40,30.0,4995.0,40500.0,LiPo
Thunder Power TP2000 (ProLite),2000.0,3.7,48,15.0,7400.0,30000.0,LiPo
Thunder Power TP2050,2050.0,3.7,38,5.0,7585.0,10250.0,LiPo
Thunder Power TP2100,2100.0,3.7,42,15.0,7770.0,31500.0,LiPo
Thunder Power TP2100,2100.0,3.7,42,5.0,7770.0,10500.0,LiPo
Thunder Power TP2100 (ProLite),2100.0,3.7,48,15.0,7770.0,31500.0,LiPo
Thunder Power TP2100 (ProLite),2100.0,3.7,48,15.0,7770.0,31500.0,LiPo
Thunder Power TP2100 (ProLite),2100.0,3.7,48,15.0,7770.0,31500.0,LiPo
Thunder Power TP2100 (ProLite),2100.0,3.7,48,15.0,7770.0,31500.0,LiPo
Thunder Power TP2100 (ProLite),2100.0,3.7,48,15.0,7770.0,31500.0,LiPo
Thunder Power TP2650 (G4 ProPower 45C),2650.0,3.7,80,45.0,9805.0,119250.0,LiPo
Thunder Power TP2650 (G4 ProPower 45C),2650.0,3.7,80,45.0,9805.0,119250.0,LiPo
Thunder Power TP4000 (ProLite),4000.0,3.7,90,10.0,14800.0,40000.0,LiPo
Thunder Power TP4200 (ProLite),4200.0,3.7,97,15.0,15540.0,63000.0,LiPo
Thunder Power TP4400 (G4 ProPower 45C),4400.0,3.7,111,45.0,16280.0,198000.0,LiPo
Thunder Power TP4600eXtreme,4600.0,3.7,122,50.0,17020.0,230000.0,LiPo
Thunder Power TP5000 (G4 ProPower 45C),2500.0,3.7,149,25.0,9250.0,62500.0,LiPo
Thunder Power TP5200 (G4 ProRace 50C),5200.0,3.7,155,50.0,19240.0,260000.0,LiPo
Thunder Power TP850 (G4 ProPower 30C),850.0,3.7,25,30.0,3145.0,25500.0,LiPo
Tornado 4s1p 3300,2700.0,3.7,71,25.0,9990.0,67500.0,LiPo
Tornado 4s1p 3300,3300.0,3.7,71,25.0,12210.0,82500.0,LiPo
TP4000,4000.0,3.7,69,12.0,14800.0,48000.0,LiPo
TR -NANO 2200,2200.0,3.7,63,25.0,8140.0,55000.0,LiPo
True RC 8000mAh 14.8v,2000.0,3.7,47,20.0,7400.0,40000.0,LiPo
Turborix 1700mAh 11.1V LiPo,1700.0,3.7,46,15.0,6290.0,25500.0,LiPo
Turnigey Nano 6000,6000.0,3.7,154,25.0,22200.0,150000.0,LiPo
Turnigy,734.0,3.7,63,25.0,2715.8,18350.0,LiPo
Turnigy 1000mAh 3s 20C,1000.0,3.7,29,20.0,3700.0,20000.0,LiPo
Turnigy 1300mAh 3s 20C,1300.0,3.7,39,20.0,4810.0,26000.0,LiPo
Turnigy 1s 25c,160.0,3.7,5,25.0,592.0,4000.0,LiPo
Turnigy 2200mAh 2s1p 20c,2200.0,3.7,65,20.0,8140.0,44000.0,LiPo
Turnigy 2200mAh 3s 20C,2200.0,3.7,62,20.0,8140.0,44000.0,LiPo
Turnigy 3,3000.0,3.7,86,30.0,11100.0,90000.0,LiPo
Turnigy 3.0,3000.0,3.7,88,30.0,11100.0,90000.0,LiPo
Turnigy 3.0,3000.0,3.7,88,30.0,11100.0,90000.0,LiPo
Turnigy 3600mAh 3s 20C,4000.0,3.7,94,20.0,14800.0,80000.0,LiPo
Turnigy 4000 4S 30C,4000.0,3.7,114,30.0,14800.0,120000.0,LiPo
Turnigy 4000 5S 30C,4000.0,3.7,114,30.0,14800.0,120000.0,LiPo
Turnigy nano-tech 2700mah 6S 65~130C Lip,2700.0,3.7,80,65.0,9990.0,175500.0,LiPo
Turnigy nano-tech 4000mAh 3S 25-50C,4000.0,3.7,112,50.0,14800.0,200000.0,LiPo
Turnigy nano-tech 460mah 3S 25~40C,460.0,3.7,16,25.0,1702.0,11500.0,LiPo
Winpower 3000,2700.0,3.7,84,35.0,9990.0,94500.0,LiPo
X Caliber 1000mah 20C,1000.0,3.7,30,20.0,3700.0,20000.0,LiPo
X-Caliber 11.1v 3 cell,4400.0,3.7,119,15.0,16280.0,66000.0,LiPo
XPower 2100 3s,2100.0,3.7,59,25.0,7770.0,52500.0,LiPo
XPower 2100 3s,2100.0,3.7,59,25.0,7770.0,52500.0,LiPo
ZIPPY,1000.0,3.7,31,25.0,3700.0,25000.0,LiPo
Zippy 1000,1000.0,3.7,23,15.0,3700.0,15000.0,LiPo
Zippy 1300mAh 3S 20C,1300.0,3.7,40,20.0,4810.0,26000.0,LiPo
Zippy 240,240.0,3.7,6,20.0,888.0,4800.0,LiPo
Zippy 2S 2200,2200.0,3.7,65,20.0,8140.0,44000.0,LiPo
Zippy 3C 1000mAh,1000.0,3.7,23,15.0,3700.0,15000.0,LiPo
Zippy 500,500.0,3.7,18,15.0,1850.0,7500.0,LiPo
Zippy 500 mah 3 cell,500.0,3.7,15,25.0,1850.0,12500.0,LiPo
Zippy Compact 1500,1500.0,3.7,38,25.0,5550.0,37500.0,LiPo
ZIPPY Compact 2200mAh,2200.0,3.7,52,25.0,8140.0,55000.0,LiPo
ZIPPY Compact 2200mAh,2200.0,3.7,52,25.0,8140.0,55000.0,LiPo
Zippy Compact 2500,2500.0,3.7,71,35.0,9250.0,87500.0,LiPo
ZIPPY Compact 3300mAh,3300.0,3.7,88,40.0,12210.0,132000.0,LiPo
ZIPPY Compact 3300mAh,3300.0,3.7,88,40.0,12210.0,132000.0,LiPo
ZIPPY Compact 4000mAh,4000.0,3.7,86,25.0,14800.0,100000.0,LiPo
ZIPPY Compact 4000mAh,4000.0,3.7,86,25.0,14800.0,100000.0,LiPo
ZIPPY Compact 5000,5000.0,3.7,115,15.0,18500.0,75000.0,LiPo
Zippy Flightmax,5000.0,3.7,127,25.0,18500.0,125000.0,LiPo
ZIPPY FlightMax 2200 4s1p 20c,2200.0,3.7,25,20.0,8140.0,44000.0,LiPo
ZIPPY Flightmax 2650mAh 6S1P,2650.0,3.7,410,20.0,9805.0,53000.0,LiPo
ZIPPY Flightmax 2800mAh 6S1P,2800.0,3.7,104,30.0,10360.0,84000.0,LiPo
ZIPPY Flightmax 3000mAh 6S1P,3120.0,3.7,105,30.0,11544.0,93600.0,LiPo
ZIPPY Flightmax 5000mAh 6S1P 30C,5000.0,3.7,122,30.0,18500.0,150000.0,LiPo
Zippy Flightmax 5800,5800.0,3.7,142,30.0,21460.0,174000.0,LiPo
Zippy-H 2200 2C,2200.0,3.7,57,20.0,8140.0,44000.0,LiPo
Zop_Power_5500,5500.0,3.7,638,70.0,20350.0,385000.0,LiPo
